Name,Type,Amount,Confidence_%,Expected_Pay_Date,Next_Milestone,Milestone_Date,Route,Project,Status,Evidence_Links,Confidence_Rationale,Actual_Pay_Date,Actual_Amount,Notes
SVS DVRO Fee Recovery (FC §6344),Legal Fee Award,14473.64,85,11/19/2025,November 19 Hearing,11/19/2025,Court Award,SVS DVRO,Attorney Engaged (H Bui),"FC §6344 motion filed October 27, 2025",Mandatory fee award for prevailing DVRO party; strong legal basis,,,
H Bui Retainer Refund,Retainer Return,7500.0,70,12/31/2025,Case Resolution,12/31/2025,Attorney Refund,SVS DVRO,Retainer Agreement Active,"$7,500 REFUNDABLE retainer per signed agreement",Refundable retainer per written agreement terms,,,
JJ Trust Property Transfer,Trust Asset,400000.0,75,02/01/2026,Transfer Deed Filing,12/03/2025,Probate Resolution,JJ Trust,Jonelle Beck Engaged,"17742 Berta Canyon Road, Salinas property with Shellpoint mortgage","Successor trustee rights to mother's property, CFPB pressure applied",,,
Chase/Hart POA Settlement,Legal Settlement,50000.0,60,12/15/2025,Settlement Negotiation,11/30/2025,Settlement Agreement,Chase POA,Settlement Phase,2000-3000x ROI noted in portfolio status,Settlement phase with strong ROI potential,,,
One Legal Refund,Service Refund,25.81,90,11/07/2025,Refund Processing,11/07/2025,Service Provider,Various,Transaction Rejected,"Order #26673062 rejected, $25.81 charge",Service not delivered due to court rejection,,,
